Line #,Name,Description,Case/Package,Designator,Value,Quantity,LCSC

"","DISPLAY CUTOUT","","","CUTOUT1","","1",""
"","Solder-bridge-2p","","","SB7","","1",""
"","U.FL-R-SMT-1(80)","RF Connector, 1 Contact(s), Male, Board Mount, Surface Mount Terminal, Receptacle","SMD/SMT","J3, J4","","2",""
"","Capacitor 47 pF +/- 0.25 pF 50 V 0603","Chip Capacitor, 47 pF, +/- 0.25 pF, 50 V, 0603 (1608 Metric)","0603","C21, C24, C31, C34","47pF","4","C1671"
"","USBLC6-2SC6","17V Clamp 5A (8/20Âµs) Ipp Tvs Diode Surface Mount SOT-23-6","","U8","","1","C7519"
"","Resistor 0R +/- 5% 0402 63 mW","Chip Resistor, 0 Ohm, +/- 5%, 63 mW, -55 to 155 degC, 0402 (1005 Metric)","0402","R42","1.5M","1","C11812"
"","GRM155R61A225KE95D","Multilayer Ceramic Capacitors MLCC - SMD/SMT 0402 2.2uF 10volts *Derate Voltage/Temp","0402","C30, C41, C45, C47, C49, C51","2.2µF","6","C12530"
"","AO3401A","P-Channel MOSFET, 30 V, 4 A, -55 to 150 degC, 3-Pin SOT-23-3L, RoHS, Tape and Reel","","Q2, Q3, Q4, Q5","","4","C15127"
"","TP4056-42-ESOP8","TP4056-42-ESOP8 TP","","U7","","1","C16581"
"","Capacitor 10µF +/-20% 10V 0603","Chip Capacitor, 10µF +/-20%, 10V, 0603, Thickness 1 mm","0603","C55","10µF","1","C18800"
"","Resistor 0R +/- 5% 0603 100 mW","Chip Resistor, 0 Ohm, 0.1 W, -55 to 155 degC, 0603 (1608 Metric)","0603","R44, R45","300R","2","C25229"
"","AP2112K-3.3TRG1","IC REG LINEAR 3.3V 600MA SOT25","SOT-23-5","U9","","1","C51118"
"","BLM15PD121SN1D","Chip Ferrite Bead, 0402, 120O @ 100MHz, 0.09O, 25%, 1.3A","0402","FB1, FB2, FB3, FB4, FB5","","5","C76891"
"","FM8002A","","","U6","","1","C94625"
"","CL10B105KP8NNNC","10V 1uF X7R ?10% 0603 Multilayer Ceramic Capacitors MLCC - SMD/SMT ROHS","0603","C6, C43","1µF","2","C105524"
"","CC0402JRNPO9BN150","50V 15pF NP0 ±5% 0402 Multilayer Ceramic Capacitors MLCC - SMD/SMT ROHS","0402","C35, C36","15pF","2","C106997"
"","Capacitor 120 pF +/- 0.25 pF 50 V 0603","Chip Capacitor, 120 pF, +/- 0.25 pF, 50 V, 0603 (1608 Metric)","0603","C25, C32","120pF","2","C107035"
"","AC0402FR-07820RL","Res Thick Film 0402 820 Ohm 1% 1/16W ±100ppm/°C Molded SMD Paper T/R","0402","R51","820R","1","C227240"
"","FH CMI160808VR68KT","General Purpose Inductor, 680nH, 10%, 1 Element, Ferrite-Core, Reflow soldering, , 1608/0603","0603","L1, L2","680nH","2","C139216"
"","RC0402FR-075K1L","62.5mW Thick Film Resistors 50V ±100ppm/? ±1% 5.1kO 0402 Chip Resistor - Surface Mount ROHS","0402","R26, R37, R39","5.1k","3","C144041"
"","AW9523","","","U2","","1","C148077"
"","SM02B-SRSS-TB(LF)(SN)","Connector Header, Side Entry, SR Series, 2 Position, 1.00mm, 50V, Surface Mount, Tin, Natural","","J6","","1","C160402"
"","TYPE-C-31-M-12","USB Connectors 24 Receptacle 1 8.94*7.3mm RoHS","","J7","","1","C165948"
"","RT0402BRD07100RL","Fixed Resistor, Thin Film, 0.0625W, 100ohm, 50V, 0.1% +/-Tol, 25ppm/Cel, Surface Mount, 0402","0402","R30, R48, R54","100","3","C174142"
"","AFC07-S50ECA-00","","","FPC1","","1","C262650"
"","micro_sdcard","TF-SMD_TF-115","","SD1","","1","C266621"
"","1TS009A-1800-5000-CT","","","SW3, SW4, SW5, SW6, SW7, SW8, SW10, SW11, SW12","","9","C319409"
"","GCM188R71C394KA55D","16V 390nF X7R ±10% 0603 Multilayer Ceramic Capacitors MLCC - SMD/SMT ROHS","0603","C44","390nF","1","C376833"
"","GRM31CR61A107ME05L","10V 100uF X5R ±20% 1206 Multilayer Ceramic Capacitors MLCC - SMD/SMT ROHS","1206","C11, C38, C58","100µF","3","C380356"
"","PJ-320D-A","Headphone jack 0.5A 30V DC 100 mÎ©","Package","J5","","1","C431535"
"","DFE252012F-1R0M=P2","Inductor Power Chip Shielded Wirewound 1uH 20% 1MHz Metal Alloy 3.3A 0.04Ohm DCR 1008 T/R","1008","L3","1µH","1","C435392"
"","PMEG2020EH,115","1 Independent 200uA@20V 20V 2A 525mV@2A 9A SOD-123F Schottky Diodes ROHS","","D3","","1","C456104"
"","RED LED","LED SMD 0603 Ultra Yellow 593nm 70mcd Water Clear Lens 130 Deg Viewing Angle | Bivar Inc. SM0603UYC","","D2","RED","1","C510024"
"","GREEN LED","LED SMD 0603 Ultra Yellow 593nm 70mcd Water Clear Lens 130 Deg Viewing Angle | Bivar Inc. SM0603UYC","","D1","GREEN","1","C510026"
"","Fuse","","","F1","","1","C883126"
"","TPS61023DRLR","FINISH GOODS FOR TPS61023","","U10","","1","C919459"
"","MS-22D28-G020","","","SW9","","1","C963205"
"","SM04B-SRSS-TB(LF)(SN)","Connector Header Surface Mount, Right Angle 4 position 0.039 (1.00mm)","None","J1","","1","C970137"
"","GRM155R71E104KE14J","0402 0.1 uF 25 V ±10% Tolerance X7R SMT Multilayer Ceramic Capacitor","0402","C1, C2, C3, C5, C8, C9, C10, C12, C13, C14, C15, C16, C17, C18, C19, C20, C22, C27, C28, C29, C39, C42, C46, C48, C50, C52, C53, C54, C56, C57, C60, C61, C62, C63","100nF","34","C2168305"
"","CI522","","","U4","","1","C2842464"
"","ES8156","","","U5","","1","C2887138"
"","TSA016A2518C","","","SW1, SW2","","2","C2888430"
"","Resistor 100k +/-1% 1206 250 mW","Chip Resistor, 100 KOhm, +/- 1%, 0.25 W, -55 to 155 degC, 1206 (3216 Metric)","1206","R1","20R","1","C2907454"
"","Resistor 1M +/- 5% 0402 63 mW","Chip Resistor, 1M Ohm, +/- 5%, 63 mW, -55 to 155 degC, 0402 (1005 Metric)","0402","R36","1M","1","C2909328"
"","","Bluetooth, WiFi 802.11b/g/n, Bluetooth v5.0 Transceiver Module 2.4GHz PCB Trace Surface Mount","","U1","","1","C2913202"
"","GRM155R60J475ME47D","6.3V 4.7uF X5R ±20% 0402 Multilayer Ceramic Capacitors MLCC - SMD/SMT ROHS","0402","C7","4.7µF","1","C2932473"
"","5YMA27120091KF50EB","-20?~+70? 27.12MHz 50O 9pF Crystal Oscillator ±10ppm ±15ppm SMD3225-4P Crystals ROHS","SMD3225-4P","Y1","","1","C3003244"
"","SS8050-G","NPN TRANSISTOR 1.5A 40V SOT-23 R","TO-236-3","Q1","","1","C3199946"
"","Capacitor 10 pF +/- 0.25 pF 50 V 0603","Chip Capacitor, 10 pF, +/- 0.25 pF, 50 V, 0603 (1608 Metric)","0603","C26, C33","3pF","2","C5137613"
"","GRM188R60J106KE47D","6.3V 10uF X5R ±10% 0603 Multilayer Ceramic Capacitors MLCC - SMD/SMT ROHS","0603","C4, C23","10uF","2","C18164635"
"","GRM188R61A226ME15D","10V 22uF X5R ±20% 0603 Multilayer Ceramic Capacitors MLCC - SMD/SMT ROHS","0603","C59","10µF","1","C18164635"
"","GRM188R61A226ME15D","10V 22uF X5R ±20% 0603 Multilayer Ceramic Capacitors MLCC - SMD/SMT ROHS","0603","C37, C40, C64, C65","22µF","4","C20416425"
"","AC0402DR-07100KL","Res Thick Film 0402 100K Ohm 0.5% 0.063W(1/16W) ±100ppm/C Pad SMD Automotive T/R","0402","R12","0R","1","C22356212"
"","Resistor 10k +/-1% 0402 100 mW","Chip Resistor, 10 KOhm, +/- 1%, 0.1 W, -55 to 155 degC, 0402 (1005 Metric)","0402","R10, R11, R32, R50","10k","4","C22356213"
"","AC0402JR-0720KL","Res Thick Film 0402 20K Ohm 5% 0.063W(1/16W) ±100ppm/C Pad SMD T/R Automotive AEC-Q200","0402","R21, R33, R34","20k","3","C22356231"
"","Resistor 33R +/-1% 0402 63 mW","Chip Resistor, 33 Ohm, +/- 1%, 0.063 W, -55 to 155 degC, 0402 (1005 Metric)","0402","R2, R3, R4, R5, R8, R9","22","6","C22356237"
"","Resistor 3K +/-1 % 0402 63 mW","Chip Resistor, 3 kOhms, +/-1 %, 63 mW, -55 to 155 degC, 0402","0402","R46","3.9k","1","C22356257"
"","Resistor 100k +/-1% 1206 250 mW","Chip Resistor, 100 KOhm, +/- 1%, 0.25 W, -55 to 155 degC, 1206 (3216 Metric)","1206","R35, R40","0R","2","C22356801"
"","Resistor 4k7 +/-1% 0402 100 mW","Chip Resistor, 4.7 KOhm, +/- 1%, 0.1 W, -55 to 155 degC, 0402 (1005 Metric)","0402","R6, R7","4.7k","2","C22369185"
"","AC0402DR-07100KL","Res Thick Film 0402 100K Ohm 0.5% 0.063W(1/16W) ±100ppm/C Pad SMD Automotive T/R","0402","R14, R15, R17, R18, R19, R20, R22, R23, R24, R29, R31, R41, R47, R52","100k","14","C22369186"
"","AC0402FR-07120RL","Res Thick Film 0402 100K Ohm 0.5% 0.063W(1/16W) ±100ppm/C Pad SMD Automotive T/R","0402","R53","120R","1","C226761"
"","RC0402JR-07470RL","62.5mW Thick Film Resistors 50V ±100ppm/? ±5% 470O 0402 Chip Resistor - Surface Mount ROHS","0402","R13, R49","470","2","C22369466"
"","Resistor 0R +/- 5% 0402 63 mW","Chip Resistor, 0 Ohm, +/- 5%, 63 mW, -55 to 155 degC, 0402 (1005 Metric)","0402","R43","470k","1","C22369547"
"","DEBUG","","","J2","","1","C22376127"
"","62.5mW Thick Film Resistors 50V ±100ppmz/? ±1% 820O 0402 Chip Resistor - Surface Mount ROHS","62.5mW Thick Film Resistors 50V ±100ppmz/? ±1% 820O 0402 Chip Resistor - Surface Mount ROHS","0402","R25","820R","1","C22811197"
"","S2B-PH-SM4-TB(LF)(SN)","Male Header, Pitch 2 mm, 1 x 2 Position, Height 5.5 mm, -25 to 85 degC, RoHS, Tape and Reel","S2B-PH-SM4-TB(LF)(SN)-2","P1","","1","C23397052"
"","XL-1615RGBC-2812B-S","","","NEO1, NEO2, NEO3, NEO4, NEO5, NEO6, NEO7, NEO8, NEO9, NEO10, NEO11, NEO12, NEO13, NEO14, NEO15, NEO16, NEO17, NEO18, NEO19, NEO20, NEO21, NEO22","","22","C41413180"
"","SN74AHCT1G126DCKR","Buffer/Line Driver 1-CH Non-Inverting 3-ST CMOS Automotive 5-Pin SC-70 T/R","SC","U3","","1","C42460244"
"","Resistor 7R +/- 5% 0603 100 mW","Chip Resistor, 7Ohm, 0.1 W, -55 to 155 degC, 0603 (1608 Metric)","0603","R27, R28","7R","2","C49254218"
