"Designator","Comment","Layer","Footprint","Center-X(mm)","Center-Y(mm)","Rotation","Description","Pad-X(mm)","Pad-Y(mm)","Case/Package","Value"
"C59","GRM188R61A226ME15D","BottomLayer","FP-GRM188-0_2-IPC_C","127.9970mm","-80.6570mm","90","10V 10uF X5R ±20% 0603 Multilayer Ceramic Capacitors MLCC - SMD/SMT ROHS","127.9970mm","-81.2576mm","0603","10µF"
"SB7","Solder-bridge-2p","BottomLayer","Solder-bridge-2p","117.6000mm","-74.6000mm","0","","116.6475mm","-74.6000mm","",""
"C11","GRM31CR61A107ME05L","BottomLayer","FP-GRM31C-0_3-e0_3_0_8-IPC_A","111.5750mm","-76.7000mm","270","10V 100uF X5R ±20% 1206 Multilayer Ceramic Capacitors MLCC - SMD/SMT ROHS","111.5750mm","-75.2246mm","1206","100µF"
"SW12","1TS009A-1800-5000-CT","TopLayer","1TS009A-1800-5000-CT","20.6000mm","-74.2500mm","45","","18.4789mm","-76.3711mm","",""
"SW11","1TS009A-1800-5000-CT","TopLayer","1TS009A-1800-5000-CT","28.1000mm","-66.7500mm","45","","25.9789mm","-68.8711mm","",""
"SW10","1TS009A-1800-5000-CT","TopLayer","1TS009A-1800-5000-CT","20.6000mm","-59.2500mm","45","","18.4789mm","-61.3711mm","",""
"R12","AC0402DR-07100KL","BottomLayer","FP-AC0402-IPC_A","34.8000mm","-47.6000mm","90","Res Thick Film 0402 100K Ohm 0.5% 0.063W(1/16W) ±100ppm/C Pad SMD Automotive T/R","34.8000mm","-48.0786mm","0402","0R"
"Q2","AO3401A","BottomLayer","AO-SOT-23-3L_V","120.7000mm","-62.8000mm","180","P-Channel MOSFET, 30 V, 4 A, -55 to 150 degC, 3-Pin SOT-23-3L, RoHS, Tape and Reel","121.9000mm","-61.8500mm","",""
"U1","","BottomLayer","XCVR_ESP32S3WROOM1N8R8","74.5000mm","-76.3800mm","0","Bluetooth, WiFi 802.11b/g/n, Bluetooth v5.0 Transceiver Module 2.4GHz PCB Trace Surface Mount","65.7500mm","-85.2600mm","",""
"SW7","1TS009A-1800-5000-CT","TopLayer","1TS009A-1800-5000-CT","74.5000mm","-78.9000mm","180","","77.4997mm","-78.9000mm","",""
"R44","Resistor 300R +/- 5% 0603 100 mW","BottomLayer","RESC1608X55X25ML10T15","142.4440mm","-75.1500mm","0","Chip Resistor, 300 Ohm, 0.1 W, -55 to 155 degC, 0603 (1608 Metric)","141.6940mm","-75.1500mm","0603","300R"
"R6","Resistor 4k7 +/-1% 0402 100 mW","BottomLayer","RESC1005X40X25ML05T05","42.0502mm","-61.3333mm","180","Chip Resistor, 4.7 KOhm, +/- 1%, 0.1 W, -55 to 155 degC, 0402 (1005 Metric)","42.5502mm","-61.3333mm","0402","4.7k"
"R7","Resistor 4k7 +/-1% 0402 100 mW","BottomLayer","RESC1005X40X25ML05T05","42.0564mm","-62.8003mm","180","Chip Resistor, 4.7 KOhm, +/- 1%, 0.1 W, -55 to 155 degC, 0402 (1005 Metric)","42.5564mm","-62.8003mm","0402","4.7k"
"R35","Resistor 0 +/-1% 1206 250 mW","BottomLayer","RESC3216X60X45ML15T20","48.5000mm","-14.2500mm","270","Chip Resistor, 0 Ohm, +/- 1%, 0.25 W, -55 to 155 degC, 1206 (3216 Metric)","48.5000mm","-12.7250mm","1206","0R"
"R36","Resistor 1M +/- 5% 0402 63 mW","BottomLayer","RESC1005X40X25ML05T05","128.5000mm","-54.5000mm","270","Chip Resistor, 1M Ohm, +/- 5%, 63 mW, -55 to 155 degC, 0402 (1005 Metric)","128.5000mm","-54.0000mm","0402","1M"
"R28","Resistor 7R +/- 5% 0603 100 mW","BottomLayer","RESC1608X55X25ML10T15","39.7500mm","-14.7500mm","180","Chip Resistor, 7Ohm, 0.1 W, -55 to 155 degC, 0603 (1608 Metric)","40.5000mm","-14.7500mm","0603","7R"
"R27","Resistor 7R +/- 5% 0603 100 mW","BottomLayer","RESC1608X55X25ML10T15","39.7500mm","-16.2500mm","180","Chip Resistor, 7Ohm, 0.1 W, -55 to 155 degC, 0603 (1608 Metric)","40.5000mm","-16.2500mm","0603","7R"
"R26","RC0402FR-075K1L","BottomLayer","RESC1005X40X25NL05T10","61.4250mm","-11.7500mm","0","62.5mW Thick Film Resistors 50V ±100ppm/? ±1% 5.1kO 0402 Chip Resistor - Surface Mount ROHS","61.0000mm","-11.7500mm","0402","5.1k"
"R25","62.5mW Thick Film Resistors 50V ±100ppmz/? ±1% 820O 0402 Chip Resistor - Surface Mount ROHS","BottomLayer","RESC1005X40X25NL05T10","61.4250mm","-12.8500mm","180","62.5mW Thick Film Resistors 50V ±100ppmz/? ±1% 820O 0402 Chip Resistor - Surface Mount ROHS","61.8500mm","-12.8500mm","0402","820R"
"L2","FH CMI160808VR68KT","BottomLayer","FP-LQM18NN_00-IPC_B","56.2500mm","-14.2500mm","180","General Purpose Inductor, 680nH, 10%, 1 Element, Ferrite-Core, Reflow soldering, , 1608/0603","56.9759mm","-14.2500mm","0603","680nH"
"L1","FH CMI160808VR68KT","BottomLayer","FP-LQM18NN_00-IPC_B","56.2500mm","-16.5000mm","180","General Purpose Inductor, 680nH, 10%, 1 Element, Ferrite-Core, Reflow soldering, , 1608/0603","56.9759mm","-16.5000mm","0603","680nH"
"J4","U.FL-R-SMT-1(80)","BottomLayer","FP-U_FL-R-SMT-1_80-MFG","36.2625mm","-14.7750mm","270","RF Connector, 1 Contact(s), Male, Board Mount, Surface Mount Terminal, Receptacle","37.0250mm","-14.7750mm","SMD/SMT",""
"J3","U.FL-R-SMT-1(80)","BottomLayer","FP-U_FL-R-SMT-1_80-MFG","59.4875mm","-17.0000mm","90","RF Connector, 1 Contact(s), Male, Board Mount, Surface Mount Terminal, Receptacle","58.7250mm","-17.0000mm","SMD/SMT",""
"C30","GRM155R61A225KE95D","BottomLayer","FP-GRM155-0_05-IPC_A","60.5500mm","-14.0000mm","180","Multilayer Ceramic Capacitors MLCC - SMD/SMT 0402 2.2uF 10volts *Derate Voltage/Temp","61.0286mm","-14.0000mm","0402","2.2µF"
"C29","GRM155R71E104KE14J","BottomLayer","FP-GRM155-0_05-MFG","63.7500mm","-12.5000mm","180","0402 0.1 uF 25 V ±10% Tolerance X7R SMT Multilayer Ceramic Capacitor","64.1500mm","-12.5000mm","0402","100nF"
"C34","Capacitor 47 pF +/- 0.25 pF 50 V 0603","BottomLayer","CAPC1608X87X35NL15T15","51.2500mm","-14.2500mm","0","Chip Capacitor, 47 pF, +/- 0.25 pF, 50 V, 0603 (1608 Metric)","50.5750mm","-14.2500mm","0603","47pF"
"C33","Capacitor 3 pF +/- 0.25 pF 50 V 0603","BottomLayer","CAPC1608X87X35NL15T15","43.7500mm","-13.7500mm","90","Chip Capacitor, 3 pF, +/- 0.25 pF, 50 V, 0603 (1608 Metric)","43.7500mm","-14.4250mm","0603","3pF"
"C32","Capacitor 120 pF +/- 0.25 pF 50 V 0603","BottomLayer","CAPC1608X87X35NL15T15","46.2500mm","-13.7500mm","90","Chip Capacitor, 120 pF, +/- 0.25 pF, 50 V, 0603 (1608 Metric)","46.2500mm","-14.4250mm","0603","120pF"
"C31","Capacitor 47 pF +/- 0.25 pF 50 V 0603","BottomLayer","CAPC1608X87X35NL15T15","53.7500mm","-13.5000mm","90","Chip Capacitor, 47 pF, +/- 0.25 pF, 50 V, 0603 (1608 Metric)","53.7500mm","-14.1750mm","0603","47pF"
"C26","Capacitor 3 pF +/- 0.25 pF 50 V 0603","BottomLayer","CAPC1608X87X35NL15T15","43.7500mm","-17.0000mm","90","Chip Capacitor, 3 pF, +/- 0.25 pF, 50 V, 0603 (1608 Metric)","43.7500mm","-17.6750mm","0603","3pF"
"C25","Capacitor 120 pF +/- 0.25 pF 50 V 0603","BottomLayer","CAPC1608X87X35NL15T15","46.2500mm","-17.0000mm","90","Chip Capacitor, 120 pF, +/- 0.25 pF, 50 V, 0603 (1608 Metric)","46.2500mm","-17.6750mm","0603","120pF"
"C24","Capacitor 47 pF +/- 0.25 pF 50 V 0603","BottomLayer","CAPC1608X87X35NL15T15","53.7500mm","-17.5000mm","90","Chip Capacitor, 47 pF, +/- 0.25 pF, 50 V, 0603 (1608 Metric)","53.7500mm","-18.1750mm","0603","47pF"
"C21","Capacitor 47 pF +/- 0.25 pF 50 V 0603","BottomLayer","CAPC1608X87X35NL15T15","51.2500mm","-16.5000mm","180","Chip Capacitor, 47 pF, +/- 0.25 pF, 50 V, 0603 (1608 Metric)","51.9250mm","-16.5000mm","0603","47pF"
"C20","GRM155R71E104KE14J","BottomLayer","FP-GRM155-0_05-MFG","59.5000mm","-11.7500mm","180","0402 0.1 uF 25 V ±10% Tolerance X7R SMT Multilayer Ceramic Capacitor","59.9000mm","-11.7500mm","0402","100nF"
"R41","AC0402DR-07100KL","BottomLayer","FP-AC0402-IPC_A","117.2335mm","-59.4046mm","180","Res Thick Film 0402 100K Ohm 0.5% 0.063W(1/16W) ±100ppm/C Pad SMD Automotive T/R","117.7120mm","-59.4046mm","0402","100k"
"Q4","AO3401A","BottomLayer","AO-SOT-23-3L_V","120.7026mm","-58.3000mm","180","P-Channel MOSFET, 30 V, 4 A, -55 to 150 degC, 3-Pin SOT-23-3L, RoHS, Tape and Reel","121.9026mm","-57.3500mm","",""
"Q3","AO3401A","BottomLayer","AO-SOT-23-3L_V","125.1730mm","-54.4682mm","180","P-Channel MOSFET, 30 V, 4 A, -55 to 150 degC, 3-Pin SOT-23-3L, RoHS, Tape and Reel","126.3730mm","-53.5182mm","",""
"J1","SM04B-SRSS-TB(LF)(SN)","BottomLayer","JST_SM04B-SRSS-TB(LF)(SN)","21.5000mm","-81.9375mm","180","Connector Header Surface Mount, Right Angle 4 position 0.039 (1.00mm)","23.0000mm","-80.0000mm","None",""
"R9","Resistor 22R +/-1% 0402 63 mW","BottomLayer","RESC1005X40X25ML10T10","87.5000mm","-67.0000mm","45","Chip Resistor, 22 Ohm, +/- 1%, 0.063 W, -55 to 155 degC, 0402 (1005 Metric)","87.1641mm","-67.3359mm","0402","22"
"R8","Resistor 22R +/-1% 0402 63 mW","BottomLayer","RESC1005X40X25ML10T10","84.5633mm","-64.1153mm","45","Chip Resistor, 22 Ohm, +/- 1%, 0.063 W, -55 to 155 degC, 0402 (1005 Metric)","84.2275mm","-64.4512mm","0402","22"
"R5","Resistor 22R +/-1% 0402 63 mW","BottomLayer","RESC1005X40X25ML10T10","86.5000mm","-66.0000mm","225","Chip Resistor, 22 Ohm, +/- 1%, 0.063 W, -55 to 155 degC, 0402 (1005 Metric)","86.8359mm","-65.6641mm","0402","22"
"R2","Resistor 22R +/-1% 0402 63 mW","BottomLayer","RESC1005X40X25ML10T10","85.5000mm","-65.0000mm","225","Chip Resistor, 22 Ohm, +/- 1%, 0.063 W, -55 to 155 degC, 0402 (1005 Metric)","85.8359mm","-64.6641mm","0402","22"
"R40","Resistor 0 +/-1% 1206 250 mW","BottomLayer","RESC3216X60X45ML15T20","109.0000mm","-53.5284mm","0","Chip Resistor, 0 Ohm, +/- 1%, 0.25 W, -55 to 155 degC, 1206 (3216 Metric)","107.4750mm","-53.5284mm","1206","0R"
"C5","GRM155R71E104KE14J","BottomLayer","FP-GRM155-0_05-MFG","72.5007mm","-37.1007mm","90","0402 0.1 uF 25 V ±10% Tolerance X7R SMT Multilayer Ceramic Capacitor","72.5007mm","-37.5007mm","0402","100nF"
"R21","AC0402JR-0720KL","BottomLayer","FP-AC0402-IPC_A","73.0036mm","-35.2250mm","180","Res Thick Film 0402 20K Ohm 5% 0.063W(1/16W) ±100ppm/C Pad SMD T/R Automotive AEC-Q200","73.4821mm","-35.2250mm","0402","20k"
"C63","GRM155R71E104KE14J","BottomLayer","FP-GRM155-0_05-MFG","131.5685mm","-9.7595mm","180","0402 0.1 uF 25 V ±10% Tolerance X7R SMT Multilayer Ceramic Capacitor","132.0370mm","-9.7595mm","0402","100nF"
"C62","GRM155R71E104KE14J","BottomLayer","FP-GRM155-0_05-MFG","122.8300mm","-9.7595mm","180","0402 0.1 uF 25 V ±10% Tolerance X7R SMT Multilayer Ceramic Capacitor","123.2300mm","-9.7595mm","0402","100nF"
"C61","GRM155R71E104KE14J","BottomLayer","FP-GRM155-0_05-MFG","105.2150mm","-9.7595mm","180","0402 0.1 uF 25 V ±10% Tolerance X7R SMT Multilayer Ceramic Capacitor","105.6150mm","-9.7595mm","0402","100nF"
"C60","GRM155R71E104KE14J","BottomLayer","FP-GRM155-0_05-MFG","114.0220mm","-9.7595mm","180","0402 0.1 uF 25 V ±10% Tolerance X7R SMT Multilayer Ceramic Capacitor","114.4220mm","-9.7595mm","0402","100nF"
"C57","GRM155R71E104KE14J","BottomLayer","FP-GRM155-0_05-MFG","96.4070mm","-9.7595mm","180","0402 0.1 uF 25 V ±10% Tolerance X7R SMT Multilayer Ceramic Capacitor","96.8070mm","-9.7595mm","0402","100nF"
"J6","SM02B-SRSS-TB(LF)(SN)","BottomLayer","FP-SM02B-SRSS-TB_LF_SN-MFG","110.3499mm","-28.6375mm","180","Connector Header, Side Entry, SR Series, 2 Position, 1.00mm, 50V, Surface Mount, Tin, Natural","110.8470mm","-17.7000mm","",""
"CUTOUT1","DISPLAY CUTOUT","TopLayer","display","-0.0500mm","-93.0500mm","180","","-0.0500mm","-93.0500mm","",""
"SW6","1TS009A-1800-5000-CT","TopLayer","1TS009A-1800-5000-CT","57.5000mm","-78.9000mm","0","","54.5003mm","-78.9000mm","",""
"SW8","1TS009A-1800-5000-CT","TopLayer","1TS009A-1800-5000-CT","91.5000mm","-78.9000mm","180","","94.4997mm","-78.9000mm","",""
"L3","DFE252012F-1R0M=P2","BottomLayer","FP-DFE252012C-IPC_C","129.7216mm","-77.5824mm","0","Inductor Power Chip Shielded Wirewound 1uH 20% 1MHz Metal Alloy 3.3A 0.04Ohm DCR 1008 T/R","128.7960mm","-77.5824mm","1008","1µH"
"C64","GRM188R61A226ME15D","BottomLayer","FP-GRM188-0_2-IPC_C","133.7472mm","-76.9074mm","0","10V 22uF X5R ±20% 0603 Multilayer Ceramic Capacitors MLCC - SMD/SMT ROHS","133.1467mm","-76.9074mm","0603","22µF"
"R45","Resistor 300R +/- 5% 0603 100 mW","BottomLayer","RESC1608X55X25ML10T15","142.4440mm","-66.4000mm","0","Chip Resistor, 300 Ohm, 0.1 W, -55 to 155 degC, 0603 (1608 Metric)","141.6940mm","-66.4000mm","0603","300R"
"R43","Resistor 0R +/- 5% 0402 63 mW","BottomLayer","RESC1005X40X25ML05T05","119.2743mm","-69.0909mm","0","Chip Resistor, 0 Ohm, +/- 5%, 63 mW, -55 to 155 degC, 0402 (1005 Metric)","118.7743mm","-69.0909mm","0402","470k"
"R42","Resistor 0R +/- 5% 0402 63 mW","BottomLayer","RESC1005X40X25ML05T05","121.9137mm","-69.0909mm","0","Chip Resistor, 0 Ohm, +/- 5%, 63 mW, -55 to 155 degC, 0402 (1005 Metric)","121.4137mm","-69.0909mm","0402","1.5M"
"R39","RC0402FR-075K1L","BottomLayer","RESC1005X40X25NL05T10","137.5000mm","-46.8000mm","0","62.5mW Thick Film Resistors 50V ±100ppm/? ±1% 5.1kO 0402 Chip Resistor - Surface Mount ROHS","137.0750mm","-46.8000mm","0402","5.1k"
"R50","Resistor 10k +/-1% 0402 100 mW","BottomLayer","RESC1005X40X25ML05T05","124.4000mm","-60.4000mm","0","Chip Resistor, 10 KOhm, +/- 1%, 0.1 W, -55 to 155 degC, 0402 (1005 Metric)","123.9000mm","-60.4000mm","0402","10k"
"R32","Resistor 10k +/-1% 0402 100 mW","BottomLayer","RESC1005X40X25ML05T05","141.3528mm","-20.5338mm","0","Chip Resistor, 10 KOhm, +/- 1%, 0.1 W, -55 to 155 degC, 0402 (1005 Metric)","140.8528mm","-20.5338mm","0402","10k"
"R11","Resistor 10k +/-1% 0402 100 mW","BottomLayer","RESC1005X40X25ML05T05","56.5930mm","-82.8146mm","180","Chip Resistor, 10 KOhm, +/- 1%, 0.1 W, -55 to 155 degC, 0402 (1005 Metric)","57.0930mm","-82.8146mm","0402","10k"
"R10","Resistor 10k +/-1% 0402 100 mW","BottomLayer","RESC1005X40X25ML05T05","94.7946mm","-76.6424mm","0","Chip Resistor, 10 KOhm, +/- 1%, 0.1 W, -55 to 155 degC, 0402 (1005 Metric)","94.2946mm","-76.6424mm","0402","10k"
"R4","Resistor 22R +/-1% 0402 63 mW","BottomLayer","RESC1005X40X25ML10T10","62.7250mm","-68.7750mm","180","Chip Resistor, 22 Ohm, +/- 1%, 0.063 W, -55 to 155 degC, 0402 (1005 Metric)","63.2000mm","-68.7750mm","0402","22"
"R3","Resistor 22R +/-1% 0402 63 mW","BottomLayer","RESC1005X40X25ML10T10","62.7250mm","-70.0450mm","180","Chip Resistor, 22 Ohm, +/- 1%, 0.063 W, -55 to 155 degC, 0402 (1005 Metric)","63.2000mm","-70.0450mm","0402","22"
"R1","Resistor 100k +/-1% 1206 250 mW","BottomLayer","RESC3216X60X45ML15T20","63.5262mm","-63.1042mm","180","Chip Resistor, 100 KOhm, +/- 1%, 0.25 W, -55 to 155 degC, 1206 (3216 Metric)","65.0512mm","-63.1042mm","1206","20R"
"C55","Capacitor 10µF +/-20% 10V 0603","BottomLayer","CAPC0603(1608)100_L","136.7000mm","-63.3000mm","270","Chip Capacitor, 10µF +/-20%, 10V, 0603, Thickness 1 mm","136.7000mm","-62.6000mm","0603","10µF"
"R13","RC0402JR-07470RL","BottomLayer","RESC1005X40X25NL05T10","77.5000mm","-65.2500mm","90","62.5mW Thick Film Resistors 50V ±100ppm/? ±5% 470O 0402 Chip Resistor - Surface Mount ROHS","77.5000mm","-65.6750mm","0402","470"
"R49","RC0402JR-07470RL","BottomLayer","RESC1005X40X25NL05T10","94.1000mm","-9.3500mm","0","62.5mW Thick Film Resistors 50V ±100ppm/? ±5% 470O 0402 Chip Resistor - Surface Mount ROHS","93.6750mm","-9.3500mm","0402","470"
"R46","Resistor 3.9K +/-1 % 0402 63 mW","BottomLayer","RESC0402(1005)_L","137.9000mm","-63.2500mm","90","Chip Resistor, 3.9 kOhms, +/-1 %, 63 mW, -55 to 155 degC, 0402","137.9000mm","-63.7000mm","0402","3.9k"
"C4","GRM188R60J106KE47D","BottomLayer","FP-GRM188-0_1-e0_2_0_55-IPC_A","63.3748mm","-65.5680mm","180","6.3V 10uF X5R ±10% 0603 Multilayer Ceramic Capacitors MLCC - SMD/SMT ROHS","64.1767mm","-65.5680mm","0603","10uF"
"C2","GRM155R71E104KE14J","BottomLayer","FP-GRM155-0_05-MFG","63.7000mm","-84.7000mm","270","0402 0.1 uF 25 V ±10% Tolerance X7R SMT Multilayer Ceramic Capacitor","63.7000mm","-84.3000mm","0402","100nF"
"C7","GRM155R60J475ME47D","BottomLayer","FP-GRM155-0_1-IPC_C","60.5000mm","-82.7500mm","0","6.3V 4.7uF X5R ±20% 0402 Multilayer Ceramic Capacitors MLCC - SMD/SMT ROHS","60.1214mm","-82.7500mm","0402","4.7µF"
"C6","CL10B105KP8NNNC","BottomLayer","FP-CL10-IPC_B","41.5000mm","-59.0250mm","270","10V 1uF X7R ?10% 0603 Multilayer Ceramic Capacitors MLCC - SMD/SMT ROHS","41.5000mm","-58.2980mm","0603","1µF"
"U3","74AHCT1G126GV","BottomLayer","DCK0005A_L","82.0245mm","-9.3000mm","90","Buffer/Line Driver 1-CH Non-Inverting 3-ST CMOS Automotive 5-Pin SC-70 T/R","82.6745mm","-10.3250mm","SC",""
"R54","RT0402BRD07100RL","BottomLayer","FP-RT0402-0_35-IPC_C","85.5000mm","-7.0500mm","0","Fixed Resistor, Thin Film, 0.0625W, 100ohm, 50V, 0.1% +/-Tol, 25ppm/Cel, Surface Mount, 0402","85.1238mm","-7.0500mm","0402","100"
"R52","AC0402DR-07100KL","BottomLayer","FP-AC0402-IPC_A","131.1472mm","-83.0824mm","180","Res Thick Film 0402 100K Ohm 0.5% 0.063W(1/16W) ±100ppm/C Pad SMD Automotive T/R","131.6258mm","-83.0824mm","0402","100k"
"R48","RT0402BRD07100RL","BottomLayer","FP-RT0402-0_35-IPC_C","83.0245mm","-7.0500mm","180","Fixed Resistor, Thin Film, 0.0625W, 100ohm, 50V, 0.1% +/-Tol, 25ppm/Cel, Surface Mount, 0402","83.4008mm","-7.0500mm","0402","100"
"R47","AC0402DR-07100KL","BottomLayer","FP-AC0402-IPC_A","103.8986mm","-7.9750mm","90","Res Thick Film 0402 100K Ohm 0.5% 0.063W(1/16W) ±100ppm/C Pad SMD Automotive T/R","103.8986mm","-8.4536mm","0402","100k"
"P1","S2B-PH-SM4-TB(LF)(SN)","BottomLayer","JST-_S2B-PH-SM4-TB(LF)(SN)-2_V","116.0000mm","-51.9750mm","0","Male Header, Pitch 2 mm, 1 x 2 Position, Height 5.5 mm, -25 to 85 degC, RoHS, Tape and Reel","115.0000mm","-54.8500mm","S2B-PH-SM4-TB(LF)(SN)-2",""
"F1","Fuse","BottomLayer","SMD1206P025TF","109.0155mm","-57.0206mm","0","","107.5705mm","-57.0206mm","",""
"C56","GRM155R71E104KE14J","BottomLayer","FP-GRM155-0_05-MFG","89.3000mm","-9.7600mm","0","0402 0.1 uF 25 V ±10% Tolerance X7R SMT Multilayer Ceramic Capacitor","88.9000mm","-9.7600mm","0402","100nF"
"C16","GRM155R71E104KE14J","BottomLayer","FP-GRM155-0_05-MFG","79.7745mm","-9.3000mm","270","0402 0.1 uF 25 V ±10% Tolerance X7R SMT Multilayer Ceramic Capacitor","79.7745mm","-8.9000mm","0402","100nF"
"U8","USBLC6-2SC6","BottomLayer","SOT95P280X145-6N","137.5000mm","-50.0000mm","180","17V Clamp 5A (8/20Âµs) Ipp Tvs Diode Surface Mount SOT-23-6","138.7550mm","-49.0500mm","",""
"R22","AC0402DR-07100KL","BottomLayer","FP-AC0402-IPC_A","48.9730mm","-73.0356mm","90","Res Thick Film 0402 100K Ohm 0.5% 0.063W(1/16W) ±100ppm/C Pad SMD Automotive T/R","48.9730mm","-73.5142mm","0402","100k"
"R23","AC0402DR-07100KL","BottomLayer","FP-AC0402-IPC_A","32.9853mm","-68.2077mm","90","Res Thick Film 0402 100K Ohm 0.5% 0.063W(1/16W) ±100ppm/C Pad SMD Automotive T/R","32.9853mm","-68.6862mm","0402","100k"
"R24","AC0402DR-07100KL","BottomLayer","FP-AC0402-IPC_A","27.2329mm","-68.2077mm","90","Res Thick Film 0402 100K Ohm 0.5% 0.063W(1/16W) ±100ppm/C Pad SMD Automotive T/R","27.2329mm","-68.6862mm","0402","100k"
"R18","AC0402DR-07100KL","BottomLayer","FP-AC0402-IPC_A","21.2000mm","-74.5000mm","90","Res Thick Film 0402 100K Ohm 0.5% 0.063W(1/16W) ±100ppm/C Pad SMD Automotive T/R","21.2000mm","-74.9786mm","0402","100k"
"R15","AC0402DR-07100KL","BottomLayer","FP-AC0402-IPC_A","29.1504mm","-68.2077mm","90","Res Thick Film 0402 100K Ohm 0.5% 0.063W(1/16W) ±100ppm/C Pad SMD Automotive T/R","29.1504mm","-68.6862mm","0402","100k"
"R14","AC0402DR-07100KL","BottomLayer","FP-AC0402-IPC_A","31.0678mm","-68.2077mm","90","Res Thick Film 0402 100K Ohm 0.5% 0.063W(1/16W) ±100ppm/C Pad SMD Automotive T/R","31.0678mm","-68.6862mm","0402","100k"
"R19","AC0402DR-07100KL","BottomLayer","FP-AC0402-IPC_A","25.2000mm","-74.5000mm","90","Res Thick Film 0402 100K Ohm 0.5% 0.063W(1/16W) ±100ppm/C Pad SMD Automotive T/R","25.2000mm","-74.9786mm","0402","100k"
"R17","AC0402DR-07100KL","BottomLayer","FP-AC0402-IPC_A","23.2000mm","-74.5000mm","90","Res Thick Film 0402 100K Ohm 0.5% 0.063W(1/16W) ±100ppm/C Pad SMD Automotive T/R","23.2000mm","-74.9786mm","0402","100k"
"R20","AC0402DR-07100KL","BottomLayer","FP-AC0402-IPC_A","19.2000mm","-74.5000mm","90","Res Thick Film 0402 100K Ohm 0.5% 0.063W(1/16W) ±100ppm/C Pad SMD Automotive T/R","19.2000mm","-74.9786mm","0402","100k"
"R53","AC0402FR-07120RL","BottomLayer","FP-AC0402-IPC_A","133.4972mm","-82.6324mm","270","Res Thick Film 0402 100K Ohm 0.5% 0.063W(1/16W) ±100ppm/C Pad SMD Automotive T/R","133.4972mm","-82.1538mm","0402","100k"
"C15","GRM155R71E104KE14J","BottomLayer","FP-GRM155-0_05-MFG","19.2000mm","-72.1000mm","90","0402 0.1 uF 25 V ±10% Tolerance X7R SMT Multilayer Ceramic Capacitor","19.2000mm","-72.5000mm","0402","100nF"
"C53","GRM155R71E104KE14J","BottomLayer","FP-GRM155-0_05-MFG","63.0000mm","-79.0000mm","180","0402 0.1 uF 25 V ±10% Tolerance X7R SMT Multilayer Ceramic Capacitor","63.4000mm","-79.0000mm","0402","100nF"
"C54","GRM155R71E104KE14J","BottomLayer","FP-GRM155-0_05-MFG","137.5000mm","-52.1000mm","180","0402 0.1 uF 25 V ±10% Tolerance X7R SMT Multilayer Ceramic Capacitor","137.9000mm","-52.1000mm","0402","100nF"
"C19","GRM155R71E104KE14J","BottomLayer","FP-GRM155-0_05-MFG","60.0000mm","-77.7500mm","270","0402 0.1 uF 25 V ±10% Tolerance X7R SMT Multilayer Ceramic Capacitor","60.0000mm","-77.3500mm","0402","100nF"
"C13","GRM155R71E104KE14J","BottomLayer","FP-GRM155-0_05-MFG","21.2000mm","-72.1000mm","90","0402 0.1 uF 25 V ±10% Tolerance X7R SMT Multilayer Ceramic Capacitor","21.2000mm","-72.5000mm","0402","100nF"
"C12","GRM155R71E104KE14J","BottomLayer","FP-GRM155-0_05-MFG","23.2000mm","-72.1000mm","90","0402 0.1 uF 25 V ±10% Tolerance X7R SMT Multilayer Ceramic Capacitor","23.2000mm","-72.5000mm","0402","100nF"
"C14","GRM155R71E104KE14J","BottomLayer","FP-GRM155-0_05-MFG","25.2000mm","-72.1000mm","90","0402 0.1 uF 25 V ±10% Tolerance X7R SMT Multilayer Ceramic Capacitor","25.2000mm","-72.5000mm","0402","100nF"
"C3","GRM155R71E104KE14J","BottomLayer","FP-GRM155-0_05-MFG","59.9966mm","-85.2276mm","270","0402 0.1 uF 25 V ±10% Tolerance X7R SMT Multilayer Ceramic Capacitor","59.9966mm","-84.8276mm","0402","100nF"
"C9","GRM155R71E104KE14J","BottomLayer","FP-GRM155-0_05-MFG","41.2000mm","-71.3000mm","0","0402 0.1 uF 25 V ±10% Tolerance X7R SMT Multilayer Ceramic Capacitor","40.8000mm","-71.3000mm","0402","100nF"
"C18","GRM155R71E104KE14J","BottomLayer","FP-GRM155-0_05-MFG","27.2330mm","-65.9634mm","90","0402 0.1 uF 25 V ±10% Tolerance X7R SMT Multilayer Ceramic Capacitor","27.2330mm","-66.3634mm","0402","100nF"
"C17","GRM155R71E104KE14J","BottomLayer","FP-GRM155-0_05-MFG","32.9850mm","-65.9634mm","90","0402 0.1 uF 25 V ±10% Tolerance X7R SMT Multilayer Ceramic Capacitor","32.9850mm","-66.3634mm","0402","100nF"
"C1","GRM155R71E104KE14J","BottomLayer","FP-GRM155-0_05-MFG","94.7500mm","-75.0000mm","0","0402 0.1 uF 25 V ±10% Tolerance X7R SMT Multilayer Ceramic Capacitor","94.3500mm","-75.0000mm","0402","100nF"
"C8","GRM155R71E104KE14J","BottomLayer","FP-GRM155-0_05-MFG","31.0680mm","-65.9634mm","90","0402 0.1 uF 25 V ±10% Tolerance X7R SMT Multilayer Ceramic Capacitor","31.0680mm","-66.3634mm","0402","100nF"
"C10","GRM155R71E104KE14J","BottomLayer","FP-GRM155-0_05-MFG","29.1500mm","-65.9634mm","90","0402 0.1 uF 25 V ±10% Tolerance X7R SMT Multilayer Ceramic Capacitor","29.1500mm","-66.3634mm","0402","100nF"
"SW5","1TS009A-1800-5000-CT","TopLayer","1TS009A-1800-5000-CT","132.0000mm","-63.0000mm","225","","134.1211mm","-60.8789mm","",""
"SW3","1TS009A-1800-5000-CT","TopLayer","1TS009A-1800-5000-CT","13.1000mm","-66.7500mm","45","","10.9789mm","-68.8711mm","",""
"SW4","1TS009A-1800-5000-CT","TopLayer","1TS009A-1800-5000-CT","124.5000mm","-70.5000mm","225","","126.6211mm","-68.3789mm","",""
"Y1","5YMA27120091KF50EB","BottomLayer","FP-ABM8-MFG","66.2500mm","-9.2000mm","180","-20?~+70? 27.12MHz 50O 9pF Crystal Oscillator ±10ppm ±15ppm SMD3225-4P Crystals ROHS","67.4000mm","-10.0750mm","SMD3225-4P",""
"U10","TPS61023DRLR","BottomLayer","FP-DRL0006A-MFG","130.6472mm","-80.5824mm","90","FINISH GOODS FOR TPS61023","131.1472mm","-81.3224mm","",""
"U9","AP2112K-3.3TRG1","BottomLayer","FP-SOT25-IPC_A","106.5750mm","-76.7000mm","180","IC REG LINEAR 3.3V 600MA SOT25","107.7756mm","-75.7500mm","SOT-23-5",""
"U7","TP4056-42-ESOP8","BottomLayer","SOIC127P600X175-9N","131.1000mm","-62.5000mm","180","TP4056-42-ESOP8 TP","133.5750mm","-60.5950mm","",""
"U6","FM8002A","BottomLayer","FM8002A","141.2000mm","-14.3000mm","270","","143.8822mm","-12.3950mm","",""
"U5","ES8156","BottomLayer","ES8156","141.1364mm","-24.6130mm","225","","141.6303mm","-22.9867mm","",""
"U4","CI522","BottomLayer","CI522","66.2507mm","-14.8009mm","180","","67.0000mm","-16.2500mm","",""
"U2","AW9523","BottomLayer","VFQFPN-24_L4.0-W4.0-P0.50-BL-EP2.8","36.0001mm","-58.4875mm","180","","37.2500mm","-60.4875mm","",""
"SW9","MS-22D28-G020","BottomLayer","MS-22D28-G020","113.8000mm","-63.6000mm","90","","116.8000mm","-65.6000mm","",""
"SW2","TSA016A2518C","BottomLayer","TSA016","56.1750mm","-85.1926mm","180","","58.2500mm","-84.1176mm","",""
"SW1","TSA016A2518C","BottomLayer","TSA016","56.1750mm","-76.9250mm","180","","58.2500mm","-75.8500mm","",""
"SD1","micro_sdcard","BottomLayer","TF-SMD_TF-115","38.9890mm","-78.8586mm","180","TF-SMD_TF-115","36.7390mm","-73.4585mm","",""
"R51","AC0402FR-07820RL","BottomLayer","RESC1005X40X25NL05T10","133.3972mm","-80.5824mm","0","Res Thick Film 0402 732K Ohm 1% 1/16W ±100ppm/°C Molded SMD Paper T/R","132.9722mm","-80.5824mm","0402","732k"
"R37","RC0402FR-075K1L","BottomLayer","RESC1005X40X25NL05T10","137.5000mm","-53.2000mm","0","62.5mW Thick Film Resistors 50V ±100ppm/? ±1% 5.1kO 0402 Chip Resistor - Surface Mount ROHS","137.0750mm","-53.2000mm","0402","5.1k"
"R34","AC0402JR-0720KL","BottomLayer","FP-AC0402-IPC_A","141.0000mm","-17.7000mm","0","Res Thick Film 0402 20K Ohm 5% 0.063W(1/16W) ±100ppm/C Pad SMD T/R Automotive AEC-Q200","140.5214mm","-17.7000mm","0402","20k"
"R33","AC0402JR-0720KL","BottomLayer","FP-AC0402-IPC_A","146.7000mm","-16.4000mm","180","Res Thick Film 0402 20K Ohm 5% 0.063W(1/16W) ±100ppm/C Pad SMD T/R Automotive AEC-Q200","147.1786mm","-16.4000mm","0402","20k"
"R31","AC0402DR-07100KL","BottomLayer","FP-AC0402-IPC_A","146.4000mm","-11.1000mm","0","Res Thick Film 0402 100K Ohm 0.5% 0.063W(1/16W) ±100ppm/C Pad SMD Automotive T/R","145.9214mm","-11.1000mm","0402","100k"
"R30","RT0402BRD07100RL","BottomLayer","FP-RT0402-0_35-IPC_C","66.1263mm","-12.0000mm","180","Fixed Resistor, Thin Film, 0.0625W, 100ohm, 50V, 0.1% +/-Tol, 25ppm/Cel, Surface Mount, 0402","66.5025mm","-12.0000mm","0402","100"
"R29","AC0402DR-07100KL","BottomLayer","FP-AC0402-IPC_A","41.7500mm","-43.2500mm","0","Res Thick Film 0402 100K Ohm 0.5% 0.063W(1/16W) ±100ppm/C Pad SMD Automotive T/R","41.2714mm","-43.2500mm","0402","100k"
"Q5","AO3401A","BottomLayer","AO-SOT-23-3L_V","100.1986mm","-8.1750mm","180","P-Channel MOSFET, 30 V, 4 A, -55 to 150 degC, 3-Pin SOT-23-3L, RoHS, Tape and Reel","101.3986mm","-7.2250mm","",""
"Q1","SS8050-G","BottomLayer","FP-SS8050-G-MFG","69.1900mm","-63.0000mm","0","NPN TRANSISTOR 1.5A 40V SOT-23 R","68.1800mm","-63.9500mm","TO-236-3",""
"NEO22","XL-1615RGBC-2812B-S","TopLayer","XL-1615RGBC-2812B-S","106.0494mm","-7.9492mm","0","","105.2989mm","-8.3734mm","",""
"NEO21","XL-1615RGBC-2812B-S","TopLayer","XL-1615RGBC-2812B-S","101.6611mm","-7.9608mm","0","","100.9105mm","-8.3850mm","",""
"NEO20","XL-1615RGBC-2812B-S","TopLayer","XL-1615RGBC-2812B-S","97.2572mm","-7.9608mm","0","","96.5066mm","-8.3850mm","",""
"NEO19","XL-1615RGBC-2812B-S","TopLayer","XL-1615RGBC-2812B-S","92.8533mm","-7.9608mm","0","","92.1027mm","-8.3850mm","",""
"NEO18","XL-1615RGBC-2812B-S","TopLayer","XL-1615RGBC-2812B-S","88.4494mm","-7.9608mm","0","","87.6989mm","-8.3850mm","",""
"NEO17","XL-1615RGBC-2812B-S","TopLayer","XL-1615RGBC-2812B-S","110.4688mm","-7.9608mm","0","","109.7182mm","-8.3850mm","",""
"NEO16","XL-1615RGBC-2812B-S","TopLayer","XL-1615RGBC-2812B-S","114.8727mm","-7.9608mm","0","","114.1221mm","-8.3850mm","",""
"NEO15","XL-1615RGBC-2812B-S","TopLayer","XL-1615RGBC-2812B-S","119.2766mm","-7.9608mm","0","","118.5260mm","-8.3850mm","",""
"NEO14","XL-1615RGBC-2812B-S","TopLayer","XL-1615RGBC-2812B-S","123.6804mm","-7.9608mm","0","","122.9299mm","-8.3850mm","",""
"NEO13","XL-1615RGBC-2812B-S","TopLayer","XL-1615RGBC-2812B-S","128.0843mm","-7.9608mm","0","","127.3337mm","-8.3850mm","",""
"NEO12","XL-1615RGBC-2812B-S","TopLayer","XL-1615RGBC-2812B-S","119.2766mm","-12.4058mm","180","","120.0271mm","-11.9816mm","",""
"NEO11","XL-1615RGBC-2812B-S","TopLayer","XL-1615RGBC-2812B-S","123.6804mm","-12.4058mm","180","","124.4310mm","-11.9816mm","",""
"NEO10","XL-1615RGBC-2812B-S","TopLayer","XL-1615RGBC-2812B-S","128.0843mm","-12.4058mm","180","","128.8349mm","-11.9816mm","",""
"NEO9","XL-1615RGBC-2812B-S","TopLayer","XL-1615RGBC-2812B-S","132.4882mm","-12.4058mm","180","","133.2388mm","-11.9816mm","",""
"NEO8","XL-1615RGBC-2812B-S","TopLayer","XL-1615RGBC-2812B-S","132.4882mm","-7.9608mm","0","","131.7376mm","-8.3850mm","",""
"NEO7","XL-1615RGBC-2812B-S","TopLayer","XL-1615RGBC-2812B-S","114.8727mm","-12.4058mm","180","","115.6233mm","-11.9816mm","",""
"NEO6","XL-1615RGBC-2812B-S","TopLayer","XL-1615RGBC-2812B-S","110.4688mm","-12.4058mm","180","","111.2194mm","-11.9816mm","",""
"NEO5","XL-1615RGBC-2812B-S","TopLayer","XL-1615RGBC-2812B-S","106.0649mm","-12.4058mm","180","","106.8155mm","-11.9816mm","",""
"NEO4","XL-1615RGBC-2812B-S","TopLayer","XL-1615RGBC-2812B-S","101.6611mm","-12.4058mm","180","","102.4116mm","-11.9816mm","",""
"NEO3","XL-1615RGBC-2812B-S","TopLayer","XL-1615RGBC-2812B-S","97.2572mm","-12.4058mm","180","","98.0078mm","-11.9816mm","",""
"NEO2","XL-1615RGBC-2812B-S","TopLayer","XL-1615RGBC-2812B-S","88.4494mm","-12.4058mm","180","","89.2000mm","-11.9816mm","",""
"NEO1","XL-1615RGBC-2812B-S","TopLayer","XL-1615RGBC-2812B-S","92.8533mm","-12.4058mm","180","","93.6039mm","-11.9816mm","",""
"J7","TYPE-C-31-M-12","BottomLayer","HRO_TYPE-C-31-M-12","144.1250mm","-50.0000mm","270","USB Connectors 24 Receptacle 1 8.94*7.3mm RoHS","146.5000mm","-45.6750mm","",""
"J5","PJ-320D-A","BottomLayer","HRO_PJ-320D-A","140.5500mm","-35.0000mm","180","Headphone jack 0.5A 30V DC 100 mÎ©","135.7000mm","-38.2500mm","Package",""
"J2","DEBUG","BottomLayer","5_pin_testpoints","89.0555mm","-89.9771mm","0","","85.2455mm","-89.9768mm","",""
"FPC1","AFC07-S50ECA-00","BottomLayer","AFC07-S50ECA-00","69.4154mm","-45.8000mm","90","","70.5015mm","-58.0480mm","",""
"FB5","BLM15PD121SN1D","BottomLayer","FP-BLM15-0_05-IPC_B","136.3945mm","-22.9858mm","0","Chip Ferrite Bead, 0402, 120O @ 100MHz, 0.09O, 25%, 1.3A","135.9659mm","-22.9858mm","0402",""
"FB4","BLM15PD121SN1D","BottomLayer","FP-BLM15-0_05-IPC_B","144.1769mm","-19.8745mm","225","Chip Ferrite Bead, 0402, 120O @ 100MHz, 0.09O, 25%, 1.3A","144.4800mm","-19.5715mm","0402",""
"FB3","BLM15PD121SN1D","BottomLayer","FP-BLM15-0_05-IPC_B","145.9447mm","-22.6322mm","180","Chip Ferrite Bead, 0402, 120O @ 100MHz, 0.09O, 25%, 1.3A","146.3733mm","-22.6322mm","0402",""
"FB2","BLM15PD121SN1D","BottomLayer","FP-BLM15-0_05-IPC_B","132.2000mm","-14.9095mm","270","Chip Ferrite Bead, 0402, 120O @ 100MHz, 0.09O, 25%, 1.3A","132.2000mm","-14.4810mm","0402",""
"FB1","BLM15PD121SN1D","BottomLayer","FP-BLM15-0_05-IPC_B","65.0000mm","-20.2000mm","90","Chip Ferrite Bead, 0402, 120O @ 100MHz, 0.09O, 25%, 1.3A","65.0000mm","-20.6286mm","0402",""
"D3","PMEG2020EH,115","BottomLayer","FP-SOD123F-MFG","123.9000mm","-67.1000mm","0","1 Independent 200uA@20V 20V 2A 525mV@2A 9A SOD-123F Schottky Diodes ROHS","122.5000mm","-67.1000mm","",""
"D2","RED LED","BottomLayer","LED_SM0603UYC","142.8750mm","-69.4167mm","0","LED SMD 0603 Ultra Yellow 593nm 70mcd Water Clear Lens 130 Deg Viewing Angle | Bivar Inc. SM0603UYC","143.6250mm","-69.4167mm","","RED"
"D1","GREEN LED","BottomLayer","LED_SM0603UYC","142.8750mm","-72.3333mm","0","LED SMD 0603 Ultra Yellow 593nm 70mcd Water Clear Lens 130 Deg Viewing Angle | Bivar Inc. SM0603UYC","143.6250mm","-72.3333mm","","GREEN"
"C65","GRM188R61A226ME15D","BottomLayer","FP-GRM188-0_2-IPC_C","133.6722mm","-78.9074mm","0","10V 22uF X5R ±20% 0603 Multilayer Ceramic Capacitors MLCC - SMD/SMT ROHS","133.0717mm","-78.9074mm","0603","22µF"
"C58","GRM31CR61A107ME05L","BottomLayer","FP-GRM31C-0_3-e0_3_0_8-IPC_A","101.5750mm","-76.7000mm","270","10V 100uF X5R ±20% 1206 Multilayer Ceramic Capacitors MLCC - SMD/SMT ROHS","101.5750mm","-75.2246mm","1206","100µF"
"C52","GRM155R71E104KE14J","BottomLayer","FP-GRM155-0_05-MFG","138.0958mm","-24.6828mm","270","0402 0.1 uF 25 V ±10% Tolerance X7R SMT Multilayer Ceramic Capacitor","138.0958mm","-24.2828mm","0402","100nF"
"C51","GRM155R61A225KE95D","BottomLayer","FP-GRM155-0_05-IPC_A","136.7523mm","-24.8950mm","270","Multilayer Ceramic Capacitors MLCC - SMD/SMT 0402 2.2uF 10volts *Derate Voltage/Temp","136.7523mm","-24.4164mm","0402","2.2µF"
"C50","GRM155R71E104KE14J","BottomLayer","FP-GRM155-0_05-MFG","138.5201mm","-22.7029mm","135","0402 0.1 uF 25 V ±10% Tolerance X7R SMT Multilayer Ceramic Capacitor","138.8029mm","-22.9858mm","0402","100nF"
"C49","GRM155R61A225KE95D","BottomLayer","FP-GRM155-0_05-IPC_A","136.7523mm","-20.7938mm","135","Multilayer Ceramic Capacitors MLCC - SMD/SMT 0402 2.2uF 10volts *Derate Voltage/Temp","137.0907mm","-21.1322mm","0402","2.2µF"
"C48","GRM155R71E104KE14J","BottomLayer","FP-GRM155-0_05-MFG","139.4393mm","-21.7837mm","135","0402 0.1 uF 25 V ±10% Tolerance X7R SMT Multilayer Ceramic Capacitor","139.7222mm","-22.0665mm","0402","100nF"
"C47","GRM155R61A225KE95D","BottomLayer","FP-GRM155-0_05-IPC_A","137.8837mm","-19.6624mm","135","Multilayer Ceramic Capacitors MLCC - SMD/SMT 0402 2.2uF 10volts *Derate Voltage/Temp","138.2221mm","-20.0008mm","0402","2.2µF"
"C46","GRM155R71E104KE14J","BottomLayer","FP-GRM155-0_05-MFG","143.7527mm","-22.5615mm","45","0402 0.1 uF 25 V ±10% Tolerance X7R SMT Multilayer Ceramic Capacitor","143.4698mm","-22.8444mm","0402","100nF"
"C45","GRM155R61A225KE95D","BottomLayer","FP-GRM155-0_05-IPC_A","145.0962mm","-20.7938mm","45","Multilayer Ceramic Capacitors MLCC - SMD/SMT 0402 2.2uF 10volts *Derate Voltage/Temp","144.7578mm","-21.1322mm","0402","2.2µF"
"C44","GCM188R71C394KA55D","BottomLayer","FP-GCM188-0_1-IPC_B","141.0000mm","-19.3000mm","0","16V 390nF X7R ±10% 0603 Multilayer Ceramic Capacitors MLCC - SMD/SMT ROHS","140.2733mm","-19.3000mm","0603","390nF"
"C43","CL10B105KP8NNNC","BottomLayer","FP-CL10-IPC_B","146.5000mm","-13.9000mm","270","10V 1uF X7R ?10% 0603 Multilayer Ceramic Capacitors MLCC - SMD/SMT ROHS","146.5000mm","-13.1730mm","0603","1µF"
"C42","GRM155R71E104KE14J","BottomLayer","FP-GRM155-0_05-MFG","144.4598mm","-24.5172mm","270","0402 0.1 uF 25 V ±10% Tolerance X7R SMT Multilayer Ceramic Capacitor","144.4598mm","-24.1172mm","0402","100nF"
"C41","GRM155R61A225KE95D","BottomLayer","FP-GRM155-0_05-IPC_A","145.9447mm","-24.4707mm","270","Multilayer Ceramic Capacitors MLCC - SMD/SMT 0402 2.2uF 10volts *Derate Voltage/Temp","145.9447mm","-23.9922mm","0402","2.2µF"
"C40","GRM188R61A226ME15D","BottomLayer","FP-GRM188-0_2-IPC_C","143.1000mm","-28.8000mm","0","10V 22uF X5R ±20% 0603 Multilayer Ceramic Capacitors MLCC - SMD/SMT ROHS","142.4994mm","-28.8000mm","0603","22µF"
"C39","GRM155R71E104KE14J","BottomLayer","FP-GRM155-0_05-MFG","136.7000mm","-14.1000mm","90","0402 0.1 uF 25 V ±10% Tolerance X7R SMT Multilayer Ceramic Capacitor","136.7000mm","-14.5000mm","0402","100nF"
"C38","GRM31CR61A107ME05L","BottomLayer","FP-GRM31C-0_3-e0_3_0_8-IPC_A","134.5000mm","-14.1000mm","90","10V 100uF X5R ±20% 1206 Multilayer Ceramic Capacitors MLCC - SMD/SMT ROHS","134.5000mm","-15.5754mm","1206","100µF"
"C37","GRM188R61A226ME15D","BottomLayer","FP-GRM188-0_2-IPC_C","137.5000mm","-28.8000mm","180","10V 22uF X5R ±20% 0603 Multilayer Ceramic Capacitors MLCC - SMD/SMT ROHS","138.1006mm","-28.8000mm","0603","22µF"
"C36","CC0402JRNPO9BN150","BottomLayer","FP-CC0402-0_55-IPC_B","63.2500mm","-9.2000mm","270","50V 15pF NP0 ±5% 0402 Multilayer Ceramic Capacitors MLCC - SMD/SMT ROHS","63.2500mm","-8.7479mm","0402","15pF"
"C35","CC0402JRNPO9BN150","BottomLayer","FP-CC0402-0_55-IPC_B","69.2500mm","-9.2000mm","270","50V 15pF NP0 ±5% 0402 Multilayer Ceramic Capacitors MLCC - SMD/SMT ROHS","69.2500mm","-8.7479mm","0402","15pF"
"C28","GRM155R71E104KE14J","BottomLayer","FP-GRM155-0_05-MFG","68.7000mm","-16.6000mm","90","0402 0.1 uF 25 V ±10% Tolerance X7R SMT Multilayer Ceramic Capacitor","68.7000mm","-17.0000mm","0402","100nF"
"C27","GRM155R71E104KE14J","BottomLayer","FP-GRM155-0_05-MFG","63.3000mm","-14.1000mm","90","0402 0.1 uF 25 V ±10% Tolerance X7R SMT Multilayer Ceramic Capacitor","63.3000mm","-14.5000mm","0402","100nF"
"C22","GRM155R71E104KE14J","BottomLayer","FP-GRM155-0_05-MFG","63.0000mm","-15.7500mm","0","0402 0.1 uF 25 V ±10% Tolerance X7R SMT Multilayer Ceramic Capacitor","62.6000mm","-15.7500mm","0402","100nF"
"C23","GRM188R60J106KE47D","BottomLayer","FP-GRM188-0_1-e0_2_0_55-IPC_A","66.0250mm","-18.2000mm","180","6.3V 10uF X5R ±10% 0603 Multilayer Ceramic Capacitors MLCC - SMD/SMT ROHS","66.8269mm","-18.2000mm","0603","10uF"
